,GP  Games played,GS  Games started,MPG  Minutes Per Game,PPG  Points Per Game,FGM  Field Goals Made,FGA  Field Goals Attempted,FG%  Field Goal Percentage,3FGM  Three-Point Field Goals Made,3FGA  Three-Point Field Goals Attempted,3FG%  Three-Point Field Goal Percentage,FTM  Free Throws Made,FTA  Free Throws Attempted,FT%  Free Throw Percentage,OREB  Offensive Rebounds,DREB  Defensive Rebounds,REB  Total Rebounds,RPG  Rebounds Per Game,Player,Position,Team
0,19,2,18.1,4.8,29.0,64.0,45.3,13.0,37.0,35.1,21.0,28.0,75.0,,,,,Danuel House Jr.,SF,PHI
1,15,2,13.9,4.7,31.0,41.0,75.6,0.0,0.0,—,8.0,10.0,80.0,,,,,Jericho Sims,C,NY
2,20,0,11.0,4.6,30.0,71.0,42.3,21.0,55.0,38.2,10.0,10.0,100.0,,,,,Patty Mills,PG,BKN
3,15,0,14.3,4.5,22.0,57.0,38.6,13.0,38.0,34.2,10.0,15.0,66.7,,,,,Oshae Brissett,SF,IND
4,19,1,17.8,4.5,33.0,80.0,41.3,12.0,26.0,46.2,8.0,11.0,72.7,,,,,Aaron Holiday,PG,ATL
5,20,0,13.3,4.4,36.0,76.0,47.4,5.0,26.0,19.2,10.0,15.0,66.7,,,,,Jalen Johnson,SF,ATL
6,22,1,18.8,4.3,33.0,81.0,40.7,21.0,60.0,35.0,8.0,13.0,61.5,,,,,Nicolas Batum,PF,LAC
7,18,1,16.1,4.3,29.0,49.0,59.2,7.0,9.0,77.8,13.0,21.0,61.9,,,,,Usman Garuba,PF,HOU
8,14,0,11.4,4.3,23.0,44.0,52.3,6.0,14.0,42.9,8.0,13.0,61.5,,,,,Serge Ibaka,PF,MIL
9,15,7,9.1,4.2,26.0,45.0,57.8,0.0,0.0,—,11.0,20.0,55.0,,,,,JaVale McGee,C,DAL
10,14,14,27.4,4.1,17.0,64.0,26.6,10.0,42.0,23.8,14.0,17.0,82.4,,,,,Patrick Beverley,PG,LAL
11,16,1,18.6,4.1,21.0,57.0,36.8,15.0,42.0,35.7,8.0,10.0,80.0,,,,,Caleb Houstan,SG,ORL
12,19,4,13.7,4.0,23.0,57.0,40.4,3.0,14.0,21.4,27.0,34.0,79.4,,,,,Amir Coffey,SG,LAC
13,21,4,19.3,4.0,27.0,72.0,37.5,6.0,32.0,18.8,23.0,28.0,82.1,,,,,Isaac Okoro,SG,CLE
14,20,9,16.5,3.9,27.0,61.0,44.3,0.0,4.0,0.0,23.0,36.0,63.9,,,,,Christian Koloko,C,TOR
15,15,0,15.8,3.9,23.0,53.0,43.4,7.0,29.0,24.1,6.0,6.0,100.0,,,,,Jordan McLaughlin,PG,MIN
16,15,1,10.2,3.8,24.0,38.0,63.2,0.0,0.0,—,9.0,12.0,75.0,,,,,Robin Lopez,C,CLE
17,17,4,13.2,3.7,26.0,46.0,56.5,2.0,11.0,18.2,9.0,11.0,81.8,,,,,Anthony Gill,PF,WAS
18,16,0,15.9,3.4,18.0,56.0,32.1,14.0,44.0,31.8,5.0,6.0,83.3,,,,,Wesley Matthews,SG,MIL
19,21,21,28.7,3.4,28.0,62.0,45.2,12.0,31.0,38.7,3.0,4.0,75.0,,,,,P.J. Tucker,PF,PHI
20,16,2,12.7,3.3,22.0,43.0,51.2,0.0,0.0,—,8.0,17.0,47.1,,,,,Bismack Biyombo,C,PHO
21,19,0,13.8,3.2,23.0,56.0,41.1,7.0,20.0,35.0,7.0,13.0,53.8,,,,,Christian Braun,SG,DEN
22,18,0,14.8,3.2,18.0,52.0,34.6,14.0,35.0,40.0,7.0,10.0,70.0,,,,,Daishen Nix,PG,HOU
23,18,0,12.2,3.1,25.0,44.0,56.8,0.0,3.0,0.0,5.0,6.0,83.3,,,,,Paul Reed,SF,PHI
24,15,0,7.1,2.7,17.0,42.0,40.5,3.0,14.0,21.4,3.0,4.0,75.0,,,,,Josh Christopher,SG,HOU
25,15,1,10.6,2.6,12.0,43.0,27.9,9.0,24.0,37.5,6.0,8.0,75.0,,,,,Davon Reed,SG,DEN
26,15,1,9.4,1.7,11.0,22.0,50.0,1.0,3.0,33.3,2.0,2.0,100.0,,,,,Noah Vonleh,C,BOS
27,17,3,11.2,1.6,11.0,33.0,33.3,4.0,20.0,20.0,1.0,3.0,33.3,,,,,Matisse Thybulle,SF,PHI
28,17,0,6.4,1.5,9.0,31.0,29.0,1.0,14.0,7.1,7.0,10.0,70.0,,,,,Josh Okogie,SF,PHO
29,17,17,34.5,,,,,,,,,,,58.0,159.0,217.0,12.8,Anthony Davis,C,LAL
30,19,19,31.8,,,,,,,,,,,75.0,160.0,235.0,12.4,Rudy Gobert,C,MIN
31,19,19,27.6,,,,,,,,,,,80.0,150.0,230.0,12.1,Clint Capela,C,ATL
32,22,22,30.6,,,,,,,,,,,76.0,181.0,257.0,11.7,Ivica Zubac,C,LAC
33,16,16,32.6,,,,,,,,,,,31.0,151.0,182.0,11.4,Giannis Antetokounmpo,PF,MIL
34,20,20,31.9,,,,,,,,,,,50.0,177.0,227.0,11.4,Nikola Vucevic,C,CHI
35,19,19,32.6,,,,,,,,,,,42.0,167.0,209.0,11.0,Domantas Sabonis,C,SAC
36,19,19,26.6,,,,,,,,,,,93.0,114.0,207.0,10.9,Steven Adams,C,MEM
37,17,17,32.0,,,,,,,,,,,50.0,133.0,183.0,10.8,Jarrett Allen,C,CLE
38,19,5,27.0,,,,,,,,,,,45.0,154.0,199.0,10.5,Bobby Portis,C,MIL
39,18,18,29.2,,,,,,,,,,,52.0,128.0,180.0,10.0,Jusuf Nurkic,C,POR
40,20,20,27.2,,,,,,,,,,,77.0,120.0,197.0,9.9,Jakob Poeltl,C,SA
41,17,17,32.0,,,,,,,,,,,33.0,134.0,167.0,9.8,Nikola Jokic,C,DEN
42,18,18,29.2,,,,,,,,,,,56.0,117.0,173.0,9.6,Deandre Ayton,C,PHO
43,19,19,34.6,,,,,,,,,,,48.0,131.0,179.0,9.4,Bam Adebayo,C,MIA
44,15,15,32.9,,,,,,,,,,,32.0,104.0,136.0,9.1,Wendell Carter Jr.,C,ORL
45,20,20,23.3,,,,,,,,,,,56.0,125.0,181.0,9.1,Jonas Valanciunas,C,NO
46,21,21,34.2,,,,,,,,,,,59.0,131.0,190.0,9.0,Evan Mobley,PF,CLE
47,17,14,26.7,,,,,,,,,,,59.0,94.0,153.0,9.0,Alperen Sengun,C,HOU
48,21,21,27.1,,,,,,,,,,,61.0,125.0,186.0,8.9,Mason Plumlee,C,CHA
49,19,19,37.4,,,,,,,,,,,18.0,150.0,168.0,8.8,Luka Doncic,PG,DAL
50,21,21,27.4,,,,,,,,,,,55.0,125.0,180.0,8.6,Nicolas Claxton,C,BKN
51,14,0,15.4,,,,,,,,,,,43.0,78.0,121.0,8.6,Andre Drummond,C,CHI
52,21,21,33.0,,,,,,,,,,,46.0,135.0,181.0,8.6,Julius Randle,PF,NY
53,15,15,29.1,,,,,,,,,,,22.0,105.0,127.0,8.5,Myles Turner,C,IND
54,21,21,35.7,,,,,,,,,,,38.0,138.0,176.0,8.4,Josh Hart,SF,POR
55,23,23,33.7,,,,,,,,,,,53.0,141.0,194.0,8.4,Lauri Markkanen,SF,UTA
56,20,20,32.0,,,,,,,,,,,42.0,122.0,164.0,8.2,Kristaps Porzingis,C,WAS
57,21,21,33.8,,,,,,,,,,,35.0,137.0,172.0,8.2,Karl-Anthony Towns,PF,MIN
58,21,21,24.8,,,,,,,,,,,49.0,124.0,173.0,8.2,Jarred Vanderbilt,C,UTA
59,20,20,34.4,,,,,,,,,,,19.0,142.0,161.0,8.1,Kyle Kuzma,PF,WAS
60,21,16,27.1,,,,,,,,,,,31.0,135.0,166.0,7.9,Bol Bol,PF,ORL
61,20,20,36.6,,,,,,,,,,,18.0,135.0,153.0,7.7,Jayson Tatum,PF,BOS
62,18,0,25.6,,,,,,,,,,,21.0,117.0,138.0,7.7,Christian Wood,C,DAL
63,21,21,32.2,,,,,,,,,,,25.0,132.0,157.0,7.5,John Collins,PF,ATL
64,20,20,24.0,,,,,,,,,,,36.0,109.0,145.0,7.3,Jalen Smith,PF,IND
65,16,1,20.7,,,,,,,,,,,13.0,102.0,115.0,7.2,Kevin Love,PF,CLE
66,19,19,30.0,,,,,,,,,,,27.0,109.0,136.0,7.2,Jabari Smith,PF,HOU
67,20,0,22.1,,,,,,,,,,,60.0,82.0,142.0,7.1,Jalen Duren,C,DET
68,18,18,30.3,,,,,,,,,,,28.0,100.0,128.0,7.1,Josh Giddey,PG,OKC
69,21,7,22.1,,,,,,,,,,,63.0,84.0,147.0,7.0,Isaiah Hartenstein,C,NY
70,22,22,22.6,,,,,,,,,,,51.0,99.0,150.0,6.8,Kevon Looney,C,GS
71,20,20,34.7,,,,,,,,,,,12.0,122.0,134.0,6.7,Stephen Curry,PG,GS
72,17,17,28.5,,,,,,,,,,,43.0,71.0,114.0,6.7,Aaron Gordon,PF,DEN
73,21,0,19.7,,,,,,,,,,,64.0,76.0,140.0,6.7,Nick Richards,C,CHA
74,17,16,33.1,,,,,,,,,,,32.0,80.0,112.0,6.6,Scottie Barnes,PF,TOR
75,16,0,23.7,,,,,,,,,,,41.0,65.0,106.0,6.6,Chris Boucher,C,TOR
76,22,22,36.7,,,,,,,,,,,9.0,136.0,145.0,6.6,Kevin Durant,PF,BKN
77,17,12,28.1,,,,,,,,,,,17.0,96.0,113.0,6.6,Ben Simmons,PG,BKN
78,19,19,35.4,,,,,,,,,,,17.0,107.0,124.0,6.5,Jaylen Brown,SF,BOS
79,19,19,33.9,,,,,,,,,,,18.0,105.0,123.0,6.5,Tobias Harris,PF,PHI
80,19,11,27.4,,,,,,,,,,,28.0,94.0,122.0,6.4,John Konchar,SG,MEM
81,17,17,32.9,,,,,,,,,,,22.0,86.0,108.0,6.4,Ja Morant,PG,MEM
82,15,15,31.3,,,,,,,,,,,30.0,66.0,96.0,6.4,Zion Williamson,PF,NO
83,17,17,31.2,,,,,,,,,,,20.0,87.0,107.0,6.3,Al Horford,C,BOS
84,16,3,16.1,,,,,,,,,,,26.0,74.0,100.0,6.3,DeAndre Jordan,C,DEN
85,20,20,30.7,,,,,,,,,,,12.0,109.0,121.0,6.1,Draymond Green,PF,GS
86,20,20,36.6,,,,,,,,,,,29.0,91.0,120.0,6.0,OG Anunoby,SF,TOR
87,16,16,34.3,,,,,,,,,,,8.0,88.0,96.0,6.0,Paul George,SF,LAC
88,20,2,20.8,,,,,,,,,,,42.0,78.0,120.0,6.0,Onyeka Okongwu,C,ATL
89,16,16,29.1,,,,,,,,,,,19.0,77.0,96.0,6.0,Michael Porter Jr.,SF,DEN
90,21,21,36.4,,,,,,,,,,,13.0,110.0,123.0,5.9,Anthony Edwards,SG,MIN
91,21,21,36.8,,,,,,,,,,,15.0,109.0,124.0,5.9,Dejounte Murray,PG,ATL
92,19,15,25.8,,,,,,,,,,,31.0,79.0,110.0,5.8,Santi Aldama,PF,MEM
93,19,19,30.9,,,,,,,,,,,32.0,78.0,110.0,5.8,Brook Lopez,C,MIL
94,19,19,34.6,,,,,,,,,,,30.0,81.0,111.0,5.8,Kevin Porter,PG,HOU
95,19,19,30.7,,,,,,,,,,,22.0,82.0,104.0,5.5,Harrison Barnes,PF,SAC
96,20,5,25.2,,,,,,,,,,,30.0,79.0,109.0,5.5,Kenyon Martin Jr.,SF,HOU
97,21,21,34.2,,,,,,,,,,,21.0,92.0,113.0,5.4,R.J. Barrett,SF,NY
98,20,20,36.9,,,,,,,,,,,20.0,87.0,107.0,5.4,Devin Booker,SG,PHO
99,20,20,37.2,,,,,,,,,,,22.0,85.0,107.0,5.4,Mikal Bridges,SF,PHO
100,18,8,28.4,,,,,,,,,,,29.0,68.0,97.0,5.4,Justise Winslow,SF,POR
101,18,0,22.4,,,,,,,,,,,31.0,64.0,95.0,5.3,Larry Nance Jr.,PF,NO
102,20,20,32.9,,,,,,,,,,,31.0,75.0,106.0,5.3,Andrew Wiggins,SF,GS
103,20,0,18.4,,,,,,,,,,,42.0,62.0,104.0,5.2,Tari Eason,F,HOU
104,18,1,16.1,,,,,,,,,,,37.0,57.0,94.0,5.2,Usman Garuba,PF,HOU
105,20,20,32.9,,,,,,,,,,,38.0,65.0,103.0,5.2,Caleb Martin,SF,MIA
106,21,21,31.4,,,,,,,,,,,31.0,79.0,110.0,5.2,Kelly Oubre Jr.,SG,CHA
107,18,3,28.2,,,,,,,,,,,18.0,75.0,93.0,5.2,Russell Westbrook,PG,LAL
108,21,18,24.1,,,,,,,,,,,20.0,87.0,107.0,5.1,Deni Avdija,SF,WAS
109,15,15,32.1,,,,,,,,,,,7.0,69.0,76.0,5.1,Brandon Ingram,SF,NO
110,17,17,35.1,,,,,,,,,,,18.0,68.0,86.0,5.1,CJ McCollum,PG,NO
111,22,22,35.6,,,,,,,,,,,18.0,94.0,112.0,5.1,Royce O'Neale,PF,BKN
112,20,12,23.3,,,,,,,,,,,37.0,62.0,99.0,5.0,Torrey Craig,SF,PHO
113,20,20,30.6,,,,,,,,,,,8.0,91.0,99.0,5.0,Marcus Morris,PF,LAC
114,17,15,26.2,,,,,,,,,,,17.0,67.0,84.0,4.9,Troy Brown Jr.,SF,LAL
115,18,18,32.1,,,,,,,,,,,10.0,79.0,89.0,4.9,De'Aaron Fox,PG,SAC
116,20,20,35.8,,,,,,,,,,,21.0,77.0,98.0,4.9,Shai Gilgeous-Alexander,SG,OKC
117,15,14,31.7,,,,,,,,,,,19.0,54.0,73.0,4.9,Jrue Holiday,PG,MIL
118,19,19,31.8,,,,,,,,,,,23.0,70.0,93.0,4.9,Jaden Ivey,SG,DET
119,19,19,31.9,,,,,,,,,,,17.0,77.0,94.0,4.9,Keldon Johnson,SF,SA
120,20,0,15.1,,,,,,,,,,,41.0,57.0,98.0,4.9,Walker Kessler,C,UTA
121,21,21,36.3,,,,,,,,,,,16.0,86.0,102.0,4.9,Kyle Lowry,PG,MIA
122,20,13,20.4,,,,,,,,,,,33.0,64.0,97.0,4.9,Jeremiah Robinson-Earl,C,OKC
123,15,2,13.9,,,,,,,,,,,34.0,39.0,73.0,4.9,Jericho Sims,C,NY
124,16,0,23.5,,,,,,,,,,,12.0,65.0,77.0,4.8,Rui Hachimura,PF,WAS
125,23,23,28.3,,,,,,,,,,,32.0,78.0,110.0,4.8,Kelly Olynyk,PF,UTA
126,18,14,23.2,,,,,,,,,,,27.0,60.0,87.0,4.8,Aleksej Pokusevski,PF,OKC
127,20,20,33.8,,,,,,,,,,,17.0,76.0,93.0,4.7,Tyrese Haliburton,PG,IND
128,20,10,28.2,,,,,,,,,,,16.0,77.0,93.0,4.7,Grant Williams,PF,BOS
129,20,20,31.5,,,,,,,,,,,22.0,71.0,93.0,4.7,Buddy Hield,SG,IND
130,21,21,31.9,,,,,,,,,,,24.0,74.0,98.0,4.7,P.J. Washington,PF,CHA
131,19,17,30.6,,,,,,,,,,,20.0,67.0,87.0,4.6,Saddiq Bey,SF,DET
132,20,1,19.1,,,,,,,,,,,22.0,69.0,91.0,4.6,Brandon Clarke,PF,MEM
133,21,21,30.3,,,,,,,,,,,33.0,63.0,96.0,4.6,Luguentz Dort,SF,OKC
134,19,3,16.7,,,,,,,,,,,28.0,59.0,87.0,4.6,Isaiah Jackson,C,IND
135,17,14,32.1,,,,,,,,,,,18.0,60.0,78.0,4.6,Caris LeVert,SF,CLE
136,21,3,25.8,,,,,,,,,,,21.0,76.0,97.0,4.6,Jalen McDaniels,PF,CHA
137,19,5,18.7,,,,,,,,,,,22.0,64.0,86.0,4.5,Mo Bamba,C,ORL
138,20,8,29.2,,,,,,,,,,,21.0,68.0,89.0,4.5,Bruce Brown,SF,DEN
139,18,8,27.6,,,,,,,,,,,23.0,57.0,80.0,4.4,Trey Murphy III,SF,NO
140,21,21,28.7,,,,,,,,,,,26.0,66.0,92.0,4.4,P.J. Tucker,PF,PHI
141,17,7,18.2,,,,,,,,,,,33.0,41.0,74.0,4.4,Thaddeus Young,PF,TOR
142,20,3,17.7,,,,,,,,,,,34.0,51.0,85.0,4.3,Drew Eubanks,C,POR
143,20,20,33.4,,,,,,,,,,,27.0,59.0,86.0,4.3,Dorian Finney-Smith,SF,DAL
144,20,20,36.5,,,,,,,,,,,16.0,70.0,86.0,4.3,Jerami Grant,PF,POR
145,16,16,34.1,,,,,,,,,,,11.0,57.0,68.0,4.3,Zach LaVine,SG,CHI
146,19,12,28.1,,,,,,,,,,,21.0,61.0,82.0,4.3,De'Anthony Melton,SG,PHI
147,21,0,22.6,,,,,,,,,,,11.0,79.0,90.0,4.3,Immanuel Quickley,PG,NY
148,15,7,24.5,,,,,,,,,,,8.0,56.0,64.0,4.3,Dean Wade,PF,CLE
149,20,20,34.9,,,,,,,,,,,9.0,74.0,83.0,4.2,DeMar DeRozan,SF,CHI
150,19,0,15.9,,,,,,,,,,,29.0,50.0,79.0,4.2,JaMychal Green,C,GS
151,20,20,34.2,,,,,,,,,,,11.0,73.0,84.0,4.2,Jalen Green,SG,HOU
152,20,20,32.1,,,,,,,,,,,14.0,70.0,84.0,4.2,De'Andre Hunter,SF,ATL
153,18,7,21.8,,,,,,,,,,,21.0,55.0,76.0,4.2,Chuma Okeke,PF,ORL
154,22,1,18.8,,,,,,,,,,,15.0,75.0,90.0,4.1,Nicolas Batum,PF,LAC
155,20,0,28.1,,,,,,,,,,,27.0,54.0,81.0,4.1,Bennedict Mathurin,SG,IND
156,18,0,12.2,,,,,,,,,,,24.0,50.0,74.0,4.1,Paul Reed,SF,PHI
157,20,20,24.9,,,,,,,,,,,26.0,55.0,81.0,4.1,Jeremy Sochan,PF,SA
158,21,21,33.3,,,,,,,,,,,19.0,68.0,87.0,4.1,Franz Wagner,G,ORL
159,20,20,25.8,,,,,,,,,,,22.0,59.0,81.0,4.1,Patrick Williams,PF,CHI
160,16,0,15.7,,,,,,,,,,,19.0,45.0,64.0,4.0,Darius Bazley,PF,OKC
161,23,2,26.7,,,,,,,,,,,15.0,77.0,92.0,4.0,Malik Beasley,SG,UTA
162,23,23,32.0,,,,,,,,,,,28.0,64.0,92.0,4.0,Jordan Clarkson,PG,UTA
163,19,19,36.9,,,,,,,,,,,16.0,60.0,76.0,4.0,Donovan Mitchell,SG,CLE
164,16,14,32.2,,,,,,,,,,,2.0,62.0,64.0,4.0,Devin Vassell,SG,SA
165,14,14,27.4,,,,,,,,,,,9.0,46.0,55.0,3.9,Patrick Beverley,PG,LAL
166,17,0,22.7,,,,,,,,,,,15.0,52.0,67.0,3.9,Malcolm Brogdon,PG,BOS
167,16,0,13.6,,,,,,,,,,,21.0,42.0,63.0,3.9,Luke Kornet,C,BOS
168,16,2,20.5,,,,,,,,,,,11.0,50.0,61.0,3.8,Kyle Anderson,SF,MIN
169,22,22,31.5,,,,,,,,,,,12.0,71.0,83.0,3.8,Bojan Bogdanovic,SF,DET
170,16,16,29.4,,,,,,,,,,,9.0,51.0,60.0,3.8,Jamal Murray,PG,DEN
171,17,15,28.8,,,,,,,,,,,14.0,51.0,65.0,3.8,Keegan Murray,PF,SAC
172,21,0,17.7,,,,,,,,,,,14.0,65.0,79.0,3.8,Obi Toppin,PF,NY
173,15,5,20.7,,,,,,,,,,,13.0,44.0,57.0,3.8,Aaron Wiggins,SF,OKC
174,19,3,20.5,,,,,,,,,,,31.0,41.0,72.0,3.8,Kenrich Williams,SG,OKC
175,15,15,36.6,,,,,,,,,,,11.0,44.0,55.0,3.7,Bradley Beal,SG,WAS
176,16,16,28.6,,,,,,,,,,,20.0,39.0,59.0,3.7,Herbert Jones,SG,NO
177,19,1,18.4,,,,,,,,,,,15.0,55.0,70.0,3.7,Jordan Nwora,SG,MIL
178,19,12,34.0,,,,,,,,,,,11.0,60.0,71.0,3.7,Max Strus,SG,MIA
179,18,18,26.9,,,,,,,,,,,8.0,58.0,66.0,3.7,Monte Morris,PG,WAS
180,16,2,12.7,,,,,,,,,,,15.0,42.0,57.0,3.6,Bismack Biyombo,C,PHO
181,17,17,30.6,,,,,,,,,,,14.0,47.0,61.0,3.6,Dillon Brooks,SF,MEM
182,17,2,13.9,,,,,,,,,,,18.0,43.0,61.0,3.6,Wenyen Gabriel,PF,LAL
183,21,0,12.6,,,,,,,,,,,27.0,48.0,75.0,3.6,Daniel Gafford,C,WAS
184,16,0,24.9,,,,,,,,,,,13.0,44.0,57.0,3.6,Maxi Kleber,PF,DAL
185,17,0,13.6,,,,,,,,,,,25.0,37.0,62.0,3.6,Jock Landale,C,PHO
186,17,6,22.8,,,,,,,,,,,16.0,45.0,61.0,3.6,Shake Milton,SG,PHI
187,18,18,29.7,,,,,,,,,,,7.0,57.0,64.0,3.6,Klay Thompson,SG,GS
188,21,21,32.4,,,,,,,,,,,10.0,63.0,73.0,3.5,Jalen Brunson,PG,NY
189,19,19,29.1,,,,,,,,,,,10.0,56.0,66.0,3.5,Ayo Dosunmu,PG,CHI
190,20,9,16.5,,,,,,,,,,,35.0,34.0,69.0,3.5,Christian Koloko,C,TOR
191,15,15,36.4,,,,,,,,,,,6.0,46.0,52.0,3.5,Tyrese Maxey,PG,PHI
192,19,19,29.9,,,,,,,,,,,27.0,40.0,67.0,3.5,Jaden McDaniels,SF,MIN
193,18,0,12.6,,,,,,,,,,,17.0,45.0,62.0,3.4,Dewayne Dedmon,C,MIA
194,19,19,32.2,,,,,,,,,,,7.0,57.0,64.0,3.4,Kevin Huerter,SG,SAC
195,20,20,30.0,,,,,,,,,,,14.0,53.0,67.0,3.4,Tre Jones,PG,SA
196,20,0,20.8,,,,,,,,,,,15.0,53.0,68.0,3.4,Damion Lee,SG,PHO
197,14,14,37.3,,,,,,,,,,,8.0,40.0,48.0,3.4,Fred VanVleet,PG,TOR
198,21,0,22.6,,,,,,,,,,,6.0,63.0,69.0,3.3,Will Barton,SG,WAS
199,22,10,21.0,,,,,,,,,,,17.0,56.0,73.0,3.3,Terance Mann,SF,LAC
200,21,21,31.0,,,,,,,,,,,14.0,55.0,69.0,3.3,D'Angelo Russell,PG,MIN
201,15,11,27.9,,,,,,,,,,,9.0,40.0,49.0,3.3,Dennis Smith Jr.,PG,CHA
202,17,15,26.8,,,,,,,,,,,16.0,39.0,55.0,3.2,Grayson Allen,SF,MIL
203,19,19,31.6,,,,,,,,,,,10.0,51.0,61.0,3.2,Kentavious Caldwell-Pope,SG,DEN
204,20,0,16.6,,,,,,,,,,,22.0,42.0,64.0,3.2,Javonte Green,PF,CHI
205,16,9,21.8,,,,,,,,,,,8.0,43.0,51.0,3.2,Aaron Nesmith,SF,IND
206,19,7,28.5,,,,,,,,,,,13.0,48.0,61.0,3.2,Austin Reaves,SG,LAL
207,18,5,12.6,,,,,,,,,,,20.0,35.0,55.0,3.1,Montrezl Harrell,C,PHI
208,16,0,18.4,,,,,,,,,,,13.0,37.0,50.0,3.1,Jake LaRavia,SF,MEM
209,17,13,17.1,,,,,,,,,,,27.0,26.0,53.0,3.1,Dwight Powell,C,DAL
210,19,19,36.9,,,,,,,,,,,6.0,52.0,58.0,3.1,Anfernee Simons,SG,POR
211,19,19,32.3,,,,,,,,,,,5.0,53.0,58.0,3.1,Marcus Smart,PG,BOS
212,17,6,24.6,,,,,,,,,,,10.0,42.0,52.0,3.1,Jalen Williams,SG,OKC
213,20,5,25.8,,,,,,,,,,,9.0,50.0,59.0,3.0,Alex Caruso,SG,CHI
214,20,20,32.0,,,,,,,,,,,5.0,54.0,59.0,3.0,Spencer Dinwiddie,PG,DAL
215,21,0,22.8,,,,,,,,,,,7.0,55.0,62.0,3.0,Cedi Osman,SF,CLE
216,21,16,26.3,,,,,,,,,,,11.0,53.0,64.0,3.0,Derrick White,SG,BOS
217,20,20,35.4,,,,,,,,,,,17.0,42.0,59.0,3.0,Trae Young,PG,ATL
218,19,5,16.1,,,,,,,,,,,24.0,31.0,55.0,2.9,Keita Bates-Diop,SF,SA
219,19,18,27.9,,,,,,,,,,,9.0,46.0,55.0,2.9,Reggie Bullock,SF,DAL
220,18,1,13.1,,,,,,,,,,,8.0,45.0,53.0,2.9,Terence Davis,SF,SAC
221,23,0,15.6,,,,,,,,,,,22.0,45.0,67.0,2.9,Hamidou Diallo,SF,DET
222,20,11,25.1,,,,,,,,,,,10.0,48.0,58.0,2.9,Joe Harris,SG,BKN
223,14,0,11.4,,,,,,,,,,,12.0,28.0,40.0,2.9,Serge Ibaka,PF,MIL
224,20,0,13.3,,,,,,,,,,,9.0,48.0,57.0,2.9,Jalen Johnson,SF,ATL
225,18,2,15.7,,,,,,,,,,,16.0,37.0,53.0,2.9,Jonathan Kuminga,PF,GS
226,18,4,22.4,,,,,,,,,,,11.0,41.0,52.0,2.9,Tre Mann,PG,OKC
227,15,0,12.1,,,,,,,,,,,8.0,36.0,44.0,2.9,Chimezie Metu,PF,SAC
228,22,5,25.3,,,,,,,,,,,9.0,55.0,64.0,2.9,Norman Powell,SG,LAC
229,15,6,15.5,,,,,,,,,,,14.0,30.0,44.0,2.9,MarJon Beauchamp,SG,MIL
230,22,22,29.6,,,,,,,,,,,8.0,53.0,61.0,2.8,Reggie Jackson,PG,LAC
231,16,0,14.7,,,,,,,,,,,17.0,28.0,45.0,2.8,Trey Lyles,C,SAC
232,19,4,20.2,,,,,,,,,,,15.0,39.0,54.0,2.8,Naji Marshall,SF,NO
233,19,19,27.2,,,,,,,,,,,12.0,40.0,52.0,2.7,Jevon Carter,PG,MIL
234,21,0,17.3,,,,,,,,,,,11.0,45.0,56.0,2.7,Jaylen Nowell,SG,MIN
235,16,3,20.0,,,,,,,,,,,12.0,29.0,41.0,2.6,Jeff Green,PF,DEN
236,23,10,23.6,,,,,,,,,,,11.0,49.0,60.0,2.6,Killian Hayes,PG,DET
237,15,7,9.1,,,,,,,,,,,11.0,28.0,39.0,2.6,JaVale McGee,C,DAL
238,20,0,17.8,,,,,,,,,,,16.0,35.0,51.0,2.6,David Roddy,SF,MEM
239,15,1,9.4,,,,,,,,,,,17.0,22.0,39.0,2.6,Noah Vonleh,C,BOS
240,17,0,22.2,,,,,,,,,,,6.0,39.0,45.0,2.6,John Wall,PG,LAC
241,21,0,17.5,,,,,,,,,,,7.0,46.0,53.0,2.5,Sam Hauser,SF,BOS
242,23,0,16.7,,,,,,,,,,,11.0,47.0,58.0,2.5,Talen Horton-Tucker,SF,UTA
243,18,0,19.6,,,,,,,,,,,6.0,39.0,45.0,2.5,Taurean Prince,PF,MIN
244,15,0,12.9,,,,,,,,,,,7.0,31.0,38.0,2.5,Naz Reid,C,MIN
245,20,5,20.5,,,,,,,,,,,8.0,40.0,48.0,2.4,Jose Alvarado,PG,NO
246,19,0,17.2,,,,,,,,,,,5.0,40.0,45.0,2.4,James Bouknight,SG,CHA
247,17,17,29.2,,,,,,,,,,,7.0,34.0,41.0,2.4,Mike Conley,PG,UTA
248,15,0,13.0,,,,,,,,,,,15.0,21.0,36.0,2.4,Derrick Jones Jr.,SF,CHI
249,21,0,15.3,,,,,,,,,,,7.0,43.0,50.0,2.4,Nassir Little,SF,POR
250,21,6,20.1,,,,,,,,,,,11.0,39.0,50.0,2.4,Isaiah Livers,SF,DET
251,19,1,16.5,,,,,,,,,,,3.0,43.0,46.0,2.4,Theo Maledon,PG,CHA
252,19,0,17.5,,,,,,,,,,,13.0,33.0,46.0,2.4,T.J. McConnell,PG,IND
253,18,10,25.2,,,,,,,,,,,6.0,38.0,44.0,2.4,Cameron Payne,PG,PHO
254,16,0,12.8,,,,,,,,,,,6.0,33.0,39.0,2.4,Isaiah Roby,C,SA
255,23,6,23.7,,,,,,,,,,,18.0,37.0,55.0,2.4,Collin Sexton,SG,UTA
256,17,17,31.5,,,,,,,,,,,7.0,33.0,40.0,2.4,Lonnie Walker IV,SF,LAL
257,15,0,14.3,,,,,,,,,,,11.0,24.0,35.0,2.3,Oshae Brissett,SF,IND
258,15,15,35.9,,,,,,,,,,,5.0,29.0,34.0,2.3,Darius Garland,PG,CLE
259,16,1,18.6,,,,,,,,,,,10.0,27.0,37.0,2.3,Caleb Houstan,SG,ORL
260,15,6,20.7,,,,,,,,,,,6.0,28.0,34.0,2.3,Andrew Nembhard,PG,IND
261,18,8,24.8,,,,,,,,,,,6.0,36.0,42.0,2.3,Terrence Ross,SG,ORL
262,20,5,20.0,,,,,,,,,,,13.0,33.0,46.0,2.3,Shaedon Sharpe,SG,POR
263,17,16,31.3,,,,,,,,,,,13.0,26.0,39.0,2.3,Gary Trent Jr.,SG,TOR
264,19,0,13.8,,,,,,,,,,,13.0,29.0,42.0,2.2,Christian Braun,SG,DEN
265,20,1,19.5,,,,,,,,,,,17.0,27.0,44.0,2.2,Josh Green,SG,DAL
266,19,2,24.1,,,,,,,,,,,3.0,38.0,41.0,2.2,Tim Hardaway Jr.,SG,DAL
267,17,2,22.9,,,,,,,,,,,7.0,31.0,38.0,2.2,Josh Richardson,SG,SA
268,16,0,17.6,,,,,,,,,,,4.0,31.0,35.0,2.2,Duncan Robinson,SG,MIA
269,16,0,25.8,,,,,,,,,,,4.0,31.0,35.0,2.2,Gabe Vincent,PG,MIA
270,17,17,30.2,,,,,,,,,,,6.0,30.0,36.0,2.1,Eric Gordon,SF,HOU
271,19,0,22.6,,,,,,,,,,,8.0,32.0,40.0,2.1,Malik Monk,SG,SAC
272,21,0,19.7,,,,,,,,,,,4.0,41.0,45.0,2.1,Georges Niang,PF,PHI
273,21,4,19.3,,,,,,,,,,,12.0,32.0,44.0,2.1,Isaac Okoro,SG,CLE
274,17,1,17.5,,,,,,,,,,,14.0,20.0,34.0,2.0,AJ Griffin,SF,ATL
275,16,0,15.9,,,,,,,,,,,15.0,17.0,32.0,2.0,Wesley Matthews,SG,MIL
276,22,4,27.5,,,,,,,,,,,6.0,37.0,43.0,2.0,Jordan Poole,SG,GS
277,17,4,13.2,,,,,,,,,,,13.0,20.0,33.0,1.9,Anthony Gill,PF,WAS
278,19,0,20.9,,,,,,,,,,,5.0,31.0,36.0,1.9,Doug McDermott,SF,SA
